usuario,url,categoria,motivo_no_verificado
cuenta_demo_0001,https://instagram.com/cuenta_demo_0001,sin_verificar,
cuenta_demo_0009,https://instagram.com/cuenta_demo_0009,sin_verificar,
cuenta_demo_0011,https://instagram.com/cuenta_demo_0011,sin_verificar,
cuenta_demo_0023,https://instagram.com/cuenta_demo_0023,sin_verificar,
cuenta_demo_0026,https://instagram.com/cuenta_demo_0026,sin_verificar,
cuenta_demo_0028,https://instagram.com/cuenta_demo_0028,sin_verificar,
cuenta_demo_0036,https://instagram.com/cuenta_demo_0036,sin_verificar,
cuenta_demo_0043,https://instagram.com/cuenta_demo_0043,sin_verificar,
cuenta_demo_0046,https://instagram.com/cuenta_demo_0046,sin_verificar,
cuenta_demo_0056,https://instagram.com/cuenta_demo_0056,sin_verificar,
cuenta_demo_0058,https://instagram.com/cuenta_demo_0058,sin_verificar,
cuenta_demo_0060,https://instagram.com/cuenta_demo_0060,sin_verificar,
cuenta_demo_0070,https://instagram.com/cuenta_demo_0070,sin_verificar,
cuenta_demo_0075,https://instagram.com/cuenta_demo_0075,sin_verificar,
cuenta_demo_0076,https://instagram.com/cuenta_demo_0076,sin_verificar,
cuenta_demo_0080,https://instagram.com/cuenta_demo_0080,sin_verificar,
cuenta_demo_0092,https://instagram.com/cuenta_demo_0092,sin_verificar,
cuenta_demo_0094,https://instagram.com/cuenta_demo_0094,sin_verificar,
cuenta_demo_0096,https://instagram.com/cuenta_demo_0096,sin_verificar,
cuenta_demo_0097,https://instagram.com/cuenta_demo_0097,sin_verificar,
cuenta_demo_0099,https://instagram.com/cuenta_demo_0099,sin_verificar,
cuenta_demo_0100,https://instagram.com/cuenta_demo_0100,sin_verificar,
cuenta_demo_0105,https://instagram.com/cuenta_demo_0105,sin_verificar,
cuenta_demo_0108,https://instagram.com/cuenta_demo_0108,sin_verificar,
cuenta_demo_0111,https://instagram.com/cuenta_demo_0111,sin_verificar,
cuenta_demo_0113,https://instagram.com/cuenta_demo_0113,sin_verificar,
cuenta_demo_0117,https://instagram.com/cuenta_demo_0117,sin_verificar,
cuenta_demo_0131,https://instagram.com/cuenta_demo_0131,sin_verificar,
cuenta_demo_0132,https://instagram.com/cuenta_demo_0132,sin_verificar,
cuenta_demo_0145,https://instagram.com/cuenta_demo_0145,sin_verificar,
cuenta_demo_0149,https://instagram.com/cuenta_demo_0149,sin_verificar,
cuenta_demo_0152,https://instagram.com/cuenta_demo_0152,sin_verificar,
cuenta_demo_0161,https://instagram.com/cuenta_demo_0161,sin_verificar,
cuenta_demo_0163,https://instagram.com/cuenta_demo_0163,sin_verificar,
cuenta_demo_0171,https://instagram.com/cuenta_demo_0171,sin_verificar,
cuenta_demo_0181,https://instagram.com/cuenta_demo_0181,sin_verificar,
cuenta_demo_0182,https://instagram.com/cuenta_demo_0182,sin_verificar,
cuenta_demo_0183,https://instagram.com/cuenta_demo_0183,sin_verificar,
cuenta_demo_0188,https://instagram.com/cuenta_demo_0188,sin_verificar,
cuenta_demo_0190,https://instagram.com/cuenta_demo_0190,sin_verificar,
cuenta_demo_0193,https://instagram.com/cuenta_demo_0193,sin_verificar,
cuenta_demo_0194,https://instagram.com/cuenta_demo_0194,sin_verificar,
cuenta_demo_0199,https://instagram.com/cuenta_demo_0199,sin_verificar,
cuenta_demo_0203,https://instagram.com/cuenta_demo_0203,sin_verificar,
cuenta_demo_0221,https://instagram.com/cuenta_demo_0221,sin_verificar,
cuenta_demo_0224,https://instagram.com/cuenta_demo_0224,sin_verificar,
cuenta_demo_0228,https://instagram.com/cuenta_demo_0228,sin_verificar,
cuenta_demo_0237,https://instagram.com/cuenta_demo_0237,sin_verificar,
cuenta_demo_0246,https://instagram.com/cuenta_demo_0246,sin_verificar,
cuenta_demo_0266,https://instagram.com/cuenta_demo_0266,sin_verificar,
cuenta_demo_0267,https://instagram.com/cuenta_demo_0267,sin_verificar,
cuenta_demo_0272,https://instagram.com/cuenta_demo_0272,sin_verificar,
cuenta_demo_0275,https://instagram.com/cuenta_demo_0275,sin_verificar,
cuenta_demo_0279,https://instagram.com/cuenta_demo_0279,sin_verificar,
cuenta_demo_0291,https://instagram.com/cuenta_demo_0291,sin_verificar,
cuenta_demo_0296,https://instagram.com/cuenta_demo_0296,sin_verificar,
cuenta_demo_0303,https://instagram.com/cuenta_demo_0303,sin_verificar,
cuenta_demo_0312,https://instagram.com/cuenta_demo_0312,sin_verificar,
cuenta_demo_0321,https://instagram.com/cuenta_demo_0321,sin_verificar,
cuenta_demo_0323,https://instagram.com/cuenta_demo_0323,sin_verificar,
cuenta_demo_0330,https://instagram.com/cuenta_demo_0330,sin_verificar,
cuenta_demo_0347,https://instagram.com/cuenta_demo_0347,sin_verificar,
cuenta_demo_0349,https://instagram.com/cuenta_demo_0349,sin_verificar,
cuenta_demo_0351,https://instagram.com/cuenta_demo_0351,sin_verificar,
cuenta_demo_0352,https://instagram.com/cuenta_demo_0352,sin_verificar,
cuenta_demo_0357,https://instagram.com/cuenta_demo_0357,sin_verificar,
cuenta_demo_0358,https://instagram.com/cuenta_demo_0358,sin_verificar,
cuenta_demo_0359,https://instagram.com/cuenta_demo_0359,sin_verificar,
cuenta_demo_0361,https://instagram.com/cuenta_demo_0361,sin_verificar,
cuenta_demo_0362,https://instagram.com/cuenta_demo_0362,sin_verificar,
cuenta_demo_0368,https://instagram.com/cuenta_demo_0368,sin_verificar,
cuenta_demo_0386,https://instagram.com/cuenta_demo_0386,sin_verificar,
cuenta_demo_0387,https://instagram.com/cuenta_demo_0387,sin_verificar,
cuenta_demo_0389,https://instagram.com/cuenta_demo_0389,sin_verificar,
cuenta_demo_0393,https://instagram.com/cuenta_demo_0393,sin_verificar,
cuenta_demo_0400,https://instagram.com/cuenta_demo_0400,sin_verificar,
cuenta_demo_0402,https://instagram.com/cuenta_demo_0402,sin_verificar,
cuenta_demo_0411,https://instagram.com/cuenta_demo_0411,sin_verificar,
cuenta_demo_0422,https://instagram.com/cuenta_demo_0422,sin_verificar,
cuenta_demo_0424,https://instagram.com/cuenta_demo_0424,sin_verificar,
cuenta_demo_0425,https://instagram.com/cuenta_demo_0425,sin_verificar,
cuenta_demo_0427,https://instagram.com/cuenta_demo_0427,sin_verificar,
cuenta_demo_0432,https://instagram.com/cuenta_demo_0432,sin_verificar,
cuenta_demo_0434,https://instagram.com/cuenta_demo_0434,sin_verificar,
cuenta_demo_0435,https://instagram.com/cuenta_demo_0435,sin_verificar,
cuenta_demo_0437,https://instagram.com/cuenta_demo_0437,sin_verificar,
cuenta_demo_0449,https://instagram.com/cuenta_demo_0449,sin_verificar,
cuenta_demo_0450,https://instagram.com/cuenta_demo_0450,sin_verificar,
cuenta_demo_0451,https://instagram.com/cuenta_demo_0451,sin_verificar,
cuenta_demo_0454,https://instagram.com/cuenta_demo_0454,sin_verificar,
cuenta_demo_0463,https://instagram.com/cuenta_demo_0463,sin_verificar,
cuenta_demo_0464,https://instagram.com/cuenta_demo_0464,sin_verificar,
cuenta_demo_0467,https://instagram.com/cuenta_demo_0467,sin_verificar,
cuenta_demo_0470,https://instagram.com/cuenta_demo_0470,sin_verificar,
cuenta_demo_0478,https://instagram.com/cuenta_demo_0478,sin_verificar,
cuenta_demo_0481,https://instagram.com/cuenta_demo_0481,sin_verificar,
cuenta_demo_0484,https://instagram.com/cuenta_demo_0484,sin_verificar,
cuenta_demo_0493,https://instagram.com/cuenta_demo_0493,sin_verificar,
cuenta_demo_0494,https://instagram.com/cuenta_demo_0494,sin_verificar,
cuenta_demo_0498,https://instagram.com/cuenta_demo_0498,sin_verificar,
cuenta_demo_0500,https://instagram.com/cuenta_demo_0500,sin_verificar,
cuenta_demo_0516,https://instagram.com/cuenta_demo_0516,sin_verificar,
cuenta_demo_0519,https://instagram.com/cuenta_demo_0519,sin_verificar,
cuenta_demo_0532,https://instagram.com/cuenta_demo_0532,sin_verificar,
cuenta_demo_0540,https://instagram.com/cuenta_demo_0540,sin_verificar,
cuenta_demo_0543,https://instagram.com/cuenta_demo_0543,sin_verificar,
cuenta_demo_0544,https://instagram.com/cuenta_demo_0544,sin_verificar,
cuenta_demo_0546,https://instagram.com/cuenta_demo_0546,sin_verificar,
cuenta_demo_0549,https://instagram.com/cuenta_demo_0549,sin_verificar,
cuenta_demo_0556,https://instagram.com/cuenta_demo_0556,sin_verificar,
cuenta_demo_0560,https://instagram.com/cuenta_demo_0560,sin_verificar,
cuenta_demo_0562,https://instagram.com/cuenta_demo_0562,sin_verificar,
cuenta_demo_0568,https://instagram.com/cuenta_demo_0568,sin_verificar,
cuenta_demo_0571,https://instagram.com/cuenta_demo_0571,sin_verificar,
cuenta_demo_0573,https://instagram.com/cuenta_demo_0573,sin_verificar,
cuenta_demo_0583,https://instagram.com/cuenta_demo_0583,sin_verificar,
cuenta_demo_0591,https://instagram.com/cuenta_demo_0591,sin_verificar,
cuenta_demo_0609,https://instagram.com/cuenta_demo_0609,sin_verificar,
cuenta_demo_0615,https://instagram.com/cuenta_demo_0615,sin_verificar,
cuenta_demo_0620,https://instagram.com/cuenta_demo_0620,sin_verificar,
cuenta_demo_0621,https://instagram.com/cuenta_demo_0621,sin_verificar,
cuenta_demo_0632,https://instagram.com/cuenta_demo_0632,sin_verificar,
cuenta_demo_0642,https://instagram.com/cuenta_demo_0642,sin_verificar,
cuenta_demo_0648,https://instagram.com/cuenta_demo_0648,sin_verificar,
cuenta_demo_0650,https://instagram.com/cuenta_demo_0650,sin_verificar,
cuenta_demo_0654,https://instagram.com/cuenta_demo_0654,sin_verificar,
cuenta_demo_0658,https://instagram.com/cuenta_demo_0658,sin_verificar,
cuenta_demo_0659,https://instagram.com/cuenta_demo_0659,sin_verificar,
cuenta_demo_0666,https://instagram.com/cuenta_demo_0666,sin_verificar,
cuenta_demo_0668,https://instagram.com/cuenta_demo_0668,sin_verificar,
cuenta_demo_0670,https://instagram.com/cuenta_demo_0670,sin_verificar,
cuenta_demo_0675,https://instagram.com/cuenta_demo_0675,sin_verificar,
cuenta_demo_0676,https://instagram.com/cuenta_demo_0676,sin_verificar,
cuenta_demo_0681,https://instagram.com/cuenta_demo_0681,sin_verificar,
cuenta_demo_0691,https://instagram.com/cuenta_demo_0691,sin_verificar,
cuenta_demo_0696,https://instagram.com/cuenta_demo_0696,sin_verificar,
cuenta_demo_0704,https://instagram.com/cuenta_demo_0704,sin_verificar,
cuenta_demo_0705,https://instagram.com/cuenta_demo_0705,sin_verificar,
cuenta_demo_0707,https://instagram.com/cuenta_demo_0707,sin_verificar,
cuenta_demo_0724,https://instagram.com/cuenta_demo_0724,sin_verificar,
cuenta_demo_0727,https://instagram.com/cuenta_demo_0727,sin_verificar,
cuenta_demo_0740,https://instagram.com/cuenta_demo_0740,sin_verificar,
cuenta_demo_0745,https://instagram.com/cuenta_demo_0745,sin_verificar,
cuenta_demo_0749,https://instagram.com/cuenta_demo_0749,sin_verificar,
cuenta_demo_0759,https://instagram.com/cuenta_demo_0759,sin_verificar,
cuenta_demo_0766,https://instagram.com/cuenta_demo_0766,sin_verificar,
cuenta_demo_0773,https://instagram.com/cuenta_demo_0773,sin_verificar,
cuenta_demo_0785,https://instagram.com/cuenta_demo_0785,sin_verificar,
cuenta_demo_0787,https://instagram.com/cuenta_demo_0787,sin_verificar,
cuenta_demo_0795,https://instagram.com/cuenta_demo_0795,sin_verificar,
cuenta_demo_0799,https://instagram.com/cuenta_demo_0799,sin_verificar,
cuenta_demo_0813,https://instagram.com/cuenta_demo_0813,sin_verificar,
cuenta_demo_0823,https://instagram.com/cuenta_demo_0823,sin_verificar,
cuenta_demo_0824,https://instagram.com/cuenta_demo_0824,sin_verificar,
cuenta_demo_0830,https://instagram.com/cuenta_demo_0830,sin_verificar,
cuenta_demo_0842,https://instagram.com/cuenta_demo_0842,sin_verificar,
cuenta_demo_0844,https://instagram.com/cuenta_demo_0844,sin_verificar,
cuenta_demo_0848,https://instagram.com/cuenta_demo_0848,sin_verificar,
cuenta_demo_0849,https://instagram.com/cuenta_demo_0849,sin_verificar,
cuenta_demo_0857,https://instagram.com/cuenta_demo_0857,sin_verificar,
cuenta_demo_0875,https://instagram.com/cuenta_demo_0875,sin_verificar,
cuenta_demo_0883,https://instagram.com/cuenta_demo_0883,sin_verificar,
cuenta_demo_0887,https://instagram.com/cuenta_demo_0887,sin_verificar,
cuenta_demo_0892,https://instagram.com/cuenta_demo_0892,sin_verificar,
cuenta_demo_0893,https://instagram.com/cuenta_demo_0893,sin_verificar,
cuenta_demo_0894,https://instagram.com/cuenta_demo_0894,sin_verificar,
cuenta_demo_0902,https://instagram.com/cuenta_demo_0902,sin_verificar,
cuenta_demo_0904,https://instagram.com/cuenta_demo_0904,sin_verificar,
cuenta_demo_0908,https://instagram.com/cuenta_demo_0908,sin_verificar,
cuenta_demo_0922,https://instagram.com/cuenta_demo_0922,sin_verificar,
cuenta_demo_0934,https://instagram.com/cuenta_demo_0934,sin_verificar,
cuenta_demo_0936,https://instagram.com/cuenta_demo_0936,sin_verificar,
cuenta_demo_0952,https://instagram.com/cuenta_demo_0952,sin_verificar,
cuenta_demo_0956,https://instagram.com/cuenta_demo_0956,sin_verificar,
cuenta_demo_0964,https://instagram.com/cuenta_demo_0964,sin_verificar,
cuenta_demo_0965,https://instagram.com/cuenta_demo_0965,sin_verificar,
cuenta_demo_0967,https://instagram.com/cuenta_demo_0967,sin_verificar,
cuenta_demo_0970,https://instagram.com/cuenta_demo_0970,sin_verificar,
cuenta_demo_0974,https://instagram.com/cuenta_demo_0974,sin_verificar,
cuenta_demo_0976,https://instagram.com/cuenta_demo_0976,sin_verificar,
cuenta_demo_0983,https://instagram.com/cuenta_demo_0983,sin_verificar,
cuenta_demo_0985,https://instagram.com/cuenta_demo_0985,sin_verificar,
cuenta_demo_0991,https://instagram.com/cuenta_demo_0991,sin_verificar,
cuenta_demo_0993,https://instagram.com/cuenta_demo_0993,sin_verificar,
cuenta_demo_1004,https://instagram.com/cuenta_demo_1004,sin_verificar,
cuenta_demo_1007,https://instagram.com/cuenta_demo_1007,sin_verificar,
cuenta_demo_1011,https://instagram.com/cuenta_demo_1011,sin_verificar,
cuenta_demo_1015,https://instagram.com/cuenta_demo_1015,sin_verificar,
cuenta_demo_1018,https://instagram.com/cuenta_demo_1018,sin_verificar,
cuenta_demo_1020,https://instagram.com/cuenta_demo_1020,sin_verificar,
cuenta_demo_1022,https://instagram.com/cuenta_demo_1022,sin_verificar,
cuenta_demo_1027,https://instagram.com/cuenta_demo_1027,sin_verificar,
cuenta_demo_1031,https://instagram.com/cuenta_demo_1031,sin_verificar,
cuenta_demo_1041,https://instagram.com/cuenta_demo_1041,sin_verificar,
cuenta_demo_1048,https://instagram.com/cuenta_demo_1048,sin_verificar,
cuenta_demo_1049,https://instagram.com/cuenta_demo_1049,sin_verificar,
cuenta_demo_1050,https://instagram.com/cuenta_demo_1050,sin_verificar,
cuenta_demo_1062,https://instagram.com/cuenta_demo_1062,sin_verificar,
cuenta_demo_1067,https://instagram.com/cuenta_demo_1067,sin_verificar,
cuenta_demo_1070,https://instagram.com/cuenta_demo_1070,sin_verificar,
cuenta_demo_1074,https://instagram.com/cuenta_demo_1074,sin_verificar,
cuenta_demo_1084,https://instagram.com/cuenta_demo_1084,sin_verificar,
cuenta_demo_1087,https://instagram.com/cuenta_demo_1087,sin_verificar,
cuenta_demo_1094,https://instagram.com/cuenta_demo_1094,sin_verificar,
cuenta_demo_1097,https://instagram.com/cuenta_demo_1097,sin_verificar,
cuenta_demo_1104,https://instagram.com/cuenta_demo_1104,sin_verificar,
cuenta_demo_1116,https://instagram.com/cuenta_demo_1116,sin_verificar,
cuenta_demo_1119,https://instagram.com/cuenta_demo_1119,sin_verificar,
cuenta_demo_1120,https://instagram.com/cuenta_demo_1120,sin_verificar,
cuenta_demo_1121,https://instagram.com/cuenta_demo_1121,sin_verificar,
cuenta_demo_1122,https://instagram.com/cuenta_demo_1122,sin_verificar,
cuenta_demo_1126,https://instagram.com/cuenta_demo_1126,sin_verificar,
cuenta_demo_1128,https://instagram.com/cuenta_demo_1128,sin_verificar,
cuenta_demo_1132,https://instagram.com/cuenta_demo_1132,sin_verificar,
cuenta_demo_1137,https://instagram.com/cuenta_demo_1137,sin_verificar,
cuenta_demo_1138,https://instagram.com/cuenta_demo_1138,sin_verificar,
cuenta_demo_1139,https://instagram.com/cuenta_demo_1139,sin_verificar,
cuenta_demo_1145,https://instagram.com/cuenta_demo_1145,sin_verificar,
cuenta_demo_1149,https://instagram.com/cuenta_demo_1149,sin_verificar,
cuenta_demo_1150,https://instagram.com/cuenta_demo_1150,sin_verificar,
cuenta_demo_1152,https://instagram.com/cuenta_demo_1152,sin_verificar,
cuenta_demo_1153,https://instagram.com/cuenta_demo_1153,sin_verificar,
cuenta_demo_1154,https://instagram.com/cuenta_demo_1154,sin_verificar,
cuenta_demo_1155,https://instagram.com/cuenta_demo_1155,sin_verificar,
cuenta_demo_1156,https://instagram.com/cuenta_demo_1156,sin_verificar,
cuenta_demo_1158,https://instagram.com/cuenta_demo_1158,sin_verificar,
cuenta_demo_1173,https://instagram.com/cuenta_demo_1173,sin_verificar,
cuenta_demo_1176,https://instagram.com/cuenta_demo_1176,sin_verificar,
cuenta_demo_1182,https://instagram.com/cuenta_demo_1182,sin_verificar,
cuenta_demo_1187,https://instagram.com/cuenta_demo_1187,sin_verificar,
cuenta_demo_1198,https://instagram.com/cuenta_demo_1198,sin_verificar,
cuenta_demo_1202,https://instagram.com/cuenta_demo_1202,sin_verificar,
cuenta_demo_1210,https://instagram.com/cuenta_demo_1210,sin_verificar,
cuenta_demo_1214,https://instagram.com/cuenta_demo_1214,sin_verificar,
cuenta_demo_1216,https://instagram.com/cuenta_demo_1216,sin_verificar,
cuenta_demo_1218,https://instagram.com/cuenta_demo_1218,sin_verificar,
cuenta_demo_1219,https://instagram.com/cuenta_demo_1219,sin_verificar,
cuenta_demo_1220,https://instagram.com/cuenta_demo_1220,sin_verificar,
cuenta_demo_1221,https://instagram.com/cuenta_demo_1221,sin_verificar,
cuenta_demo_1223,https://instagram.com/cuenta_demo_1223,sin_verificar,
cuenta_demo_1231,https://instagram.com/cuenta_demo_1231,sin_verificar,
cuenta_demo_1240,https://instagram.com/cuenta_demo_1240,sin_verificar,
cuenta_demo_1244,https://instagram.com/cuenta_demo_1244,sin_verificar,
cuenta_demo_1251,https://instagram.com/cuenta_demo_1251,sin_verificar,
cuenta_demo_1252,https://instagram.com/cuenta_demo_1252,sin_verificar,
cuenta_demo_1255,https://instagram.com/cuenta_demo_1255,sin_verificar,
cuenta_demo_1261,https://instagram.com/cuenta_demo_1261,sin_verificar,
cuenta_demo_1263,https://instagram.com/cuenta_demo_1263,sin_verificar,
cuenta_demo_1266,https://instagram.com/cuenta_demo_1266,sin_verificar,
cuenta_demo_1272,https://instagram.com/cuenta_demo_1272,sin_verificar,
cuenta_demo_1279,https://instagram.com/cuenta_demo_1279,sin_verificar,
cuenta_demo_1280,https://instagram.com/cuenta_demo_1280,sin_verificar,
cuenta_demo_1281,https://instagram.com/cuenta_demo_1281,sin_verificar,
cuenta_demo_1284,https://instagram.com/cuenta_demo_1284,sin_verificar,
cuenta_demo_1297,https://instagram.com/cuenta_demo_1297,sin_verificar,
cuenta_demo_1301,https://instagram.com/cuenta_demo_1301,sin_verificar,
cuenta_demo_1312,https://instagram.com/cuenta_demo_1312,sin_verificar,
cuenta_demo_1330,https://instagram.com/cuenta_demo_1330,sin_verificar,
cuenta_demo_1332,https://instagram.com/cuenta_demo_1332,sin_verificar,
cuenta_demo_1333,https://instagram.com/cuenta_demo_1333,sin_verificar,
cuenta_demo_1341,https://instagram.com/cuenta_demo_1341,sin_verificar,
cuenta_demo_1342,https://instagram.com/cuenta_demo_1342,sin_verificar,
cuenta_demo_1343,https://instagram.com/cuenta_demo_1343,sin_verificar,
cuenta_demo_1345,https://instagram.com/cuenta_demo_1345,sin_verificar,
cuenta_demo_1348,https://instagram.com/cuenta_demo_1348,sin_verificar,
cuenta_demo_1349,https://instagram.com/cuenta_demo_1349,sin_verificar,
cuenta_demo_1360,https://instagram.com/cuenta_demo_1360,sin_verificar,
cuenta_demo_1361,https://instagram.com/cuenta_demo_1361,sin_verificar,
cuenta_demo_1363,https://instagram.com/cuenta_demo_1363,sin_verificar,
cuenta_demo_1366,https://instagram.com/cuenta_demo_1366,sin_verificar,
cuenta_demo_1374,https://instagram.com/cuenta_demo_1374,sin_verificar,
cuenta_demo_1378,https://instagram.com/cuenta_demo_1378,sin_verificar,
cuenta_demo_1381,https://instagram.com/cuenta_demo_1381,sin_verificar,
cuenta_demo_1382,https://instagram.com/cuenta_demo_1382,sin_verificar,
cuenta_demo_1395,https://instagram.com/cuenta_demo_1395,sin_verificar,
cuenta_demo_1397,https://instagram.com/cuenta_demo_1397,sin_verificar,
cuenta_demo_1399,https://instagram.com/cuenta_demo_1399,sin_verificar,
cuenta_demo_1401,https://instagram.com/cuenta_demo_1401,sin_verificar,
cuenta_demo_1407,https://instagram.com/cuenta_demo_1407,sin_verificar,
cuenta_demo_1414,https://instagram.com/cuenta_demo_1414,sin_verificar,
cuenta_demo_1417,https://instagram.com/cuenta_demo_1417,sin_verificar,
cuenta_demo_1420,https://instagram.com/cuenta_demo_1420,sin_verificar,
cuenta_demo_1422,https://instagram.com/cuenta_demo_1422,sin_verificar,
cuenta_demo_1432,https://instagram.com/cuenta_demo_1432,sin_verificar,
cuenta_demo_1433,https://instagram.com/cuenta_demo_1433,sin_verificar,
cuenta_demo_1437,https://instagram.com/cuenta_demo_1437,sin_verificar,
cuenta_demo_1441,https://instagram.com/cuenta_demo_1441,sin_verificar,
cuenta_demo_1444,https://instagram.com/cuenta_demo_1444,sin_verificar,
cuenta_demo_1451,https://instagram.com/cuenta_demo_1451,sin_verificar,
cuenta_demo_1453,https://instagram.com/cuenta_demo_1453,sin_verificar,
cuenta_demo_1460,https://instagram.com/cuenta_demo_1460,sin_verificar,
cuenta_demo_1467,https://instagram.com/cuenta_demo_1467,sin_verificar,
cuenta_demo_1468,https://instagram.com/cuenta_demo_1468,sin_verificar,
cuenta_demo_1472,https://instagram.com/cuenta_demo_1472,sin_verificar,
cuenta_demo_1495,https://instagram.com/cuenta_demo_1495,sin_verificar,
cuenta_demo_1504,https://instagram.com/cuenta_demo_1504,sin_verificar,
cuenta_demo_1506,https://instagram.com/cuenta_demo_1506,sin_verificar,
cuenta_demo_1508,https://instagram.com/cuenta_demo_1508,sin_verificar,
cuenta_demo_1510,https://instagram.com/cuenta_demo_1510,sin_verificar,
cuenta_demo_1512,https://instagram.com/cuenta_demo_1512,sin_verificar,
cuenta_demo_1514,https://instagram.com/cuenta_demo_1514,sin_verificar,
